{
  "numParticleTypes": 6,
  "radius": 81.1,
  "delta_t": 0.22,
  "friction": 0.56,
  "repulsion": 49.4,
  "attraction": 3.93,
  "k": 11.19,
  "forceRange": -0.75,
  "forceBias": -0.135,
  "ratio": 1.18,
  "lfoA": 0,
  "lfoS": 0.1,
  "forceMultiplier": 3.29,
  "balance": 0.79,
  "forceOffset": 0.78,
  "rawForceTableValues": [
    0.17564360797405243,
    0.9057970643043518,
    0.32246464490890503,
    0.4851929843425751,
    0.053047314286231995,
    0.6229782104492188,
    0.9095937609672546,
    0.06493251025676727,
    -0.09769700467586517,
    0.1408156007528305,
    0.3542054295539856,
    -0.7111825942993164,
    -0.0070045082829892635,
    0.08905644714832306,
    0.9278299808502197,
    -0.10608433187007904,
    -0.6823745369911194,
    -0.7490535974502563,
    -0.9243731498718262,
    -0.476741224527359,
    0.9043957591056824,
    -0.1660487949848175,
    -0.6514227986335754,
    -0.2780286967754364,
    -0.9418188333511353,
    0.47536608576774597,
    0.13916592299938202,
    0.6315054893493652,
    -0.17252321541309357,
    -0.5687683820724487,
    0.7700416445732117,
    -0.8260155320167542,
    -0.12849387526512146,
    0.767731785774231,
    0.40760570764541626,
    0.9653279185295105
  ],
  "radioByType": [
    0.4327008128166199,
    -0.3696311116218567,
    0.7814438343048096,
    -0.1375453770160675,
    0.17401698231697083,
    -0.11163150519132614
  ]
}