{
    "PARTICLE_COUNT": 10000,
    "attraction": 0.949999988079071,
    "balance": 0.30000001192092896,
    "delta_t": 0.3400000035762787,
    "forceBias": -0.1599999964237213,
    "forceMultiplier": 1.409999966621399,
    "forceOffset": 0.8299999833106995,
    "forceRange": 0.2800000011920929,
    "friction": 0.5,
    "k": 21.020000457763672,
    "lfoA": 0,
    "lfoS": 5.159999847412109,
    "numParticleTypes": 5,
    "radius": 285,
    "ratio": 1,
    "repulsion": 50
}
